{
   "abstract" : "Recursively scan Perl code for dependencies",
   "author" : [
      "Audrey Tang <cpan@audreyt.org>"
   ],
   "dynamic_config" : 0,
   "generated_by" : "ExtUtils::MakeMaker version 7.34, CPAN::Meta::Converter version 2.150010",
   "license" : [
      "perl_5"
   ],
   "meta-spec" : {
      "url" : "http://search.cpan.org/perldoc?CPAN::Meta::Spec",
      "version" : 2
   },
   "name" : "Module-ScanDeps",
   "no_index" : {
      "directory" : [
         "t",
         "inc"
      ],
      "package" : [
         "Module::ScanDeps::Cache",
         "Module::ScanDeps::DataFeed"
      ]
   },
   "prereqs" : {
      "build" : {
         "requires" : {
            "ExtUtils::MakeMaker" : "0"
         }
      },
      "configure" : {
         "requires" : {
            "ExtUtils::MakeMaker" : "0"
         }
      },
      "runtime" : {
         "requires" : {
            "File::Spec" : "0",
            "File::Temp" : "0",
            "Getopt::Long" : "0",
            "Module::Metadata" : "0",
            "Text::ParseWords" : "0",
            "perl" : "5.008001",
            "version" : "0"
         }
      },
      "test" : {
         "requires" : {
            "Test::More" : "0",
            "Test::Requires" : "0"
         }
      }
   },
   "release_status" : "stable",
   "resources" : {
      "bugtracker" : {
         "web" : "https://rt.cpan.org/Dist/Display.html?Queue=Module-ScanDeps"
      },
      "repository" : {
         "type" : "git",
         "url" : "git://github.com/rschupp/Module-ScanDeps.git",
         "web" : "https://github.com/rschupp/Module-ScanDeps"
      },
      "x_MailingList" : "mailto:par@perl.org"
   },
   "version" : "1.29",
   "x_serialization_backend" : "JSON::PP version 4.05"
}
